PV (%),Wind (%),CSP (%),Biomass & biogas (%),Hydraulic & pumping (%),Cogeneration (%),Combined cycle (%),Importation (%)
18.8890617625424,31.497308664366233,12.442562578362358,7.003518896367167,6.96486736918187,15.03394627997818,1.9532908684664705,6.2154435807353074
