month (MWh),Net import + export (MWh)
1,2.299191915556357
2,1.4940802694390924
3,0.8967741459956639
4,0.38173197243901363
5,0.8085923648613487
6,1.4738675201061378
7,1.5332140914628725
8,1.7963811740190292
9,1.7959758148386338
10,2.099779461837082
11,2.2000720790768016
12,1.7104420084920686
