PV (%),Wind (%),CSP (%),Biomass & biogas (%),Hydraulic & pumping (%),Cogeneration (%),Combined cycle (%),Importation (%)
11.485469753912735,35.017226019015915,12.48566697986055,7.034153176800938,11.982471402653024,16.795778918848107,0.5704517235142309,4.628782025394506
