PV (%),Wind (%),CSP (%),Biomass & biogas (%),Hydraulic & pumping (%),Cogeneration (%),Combined cycle (%),Importation (%)
13.057027723944259,21.81190035783845,23.416112712010662,8.492534632739233,5.358669863733235,16.929459579592518,2.3406668352441256,8.593628294897533
