PV (%),Wind (%),CSP (%),Biomass & biogas (%),Hydraulic & pumping (%),Cogeneration (%),Combined cycle (%),Importation (%)
6.975102479527785,32.644799397621114,5.046178253603427,10.84632378895889,8.672563030463387,21.801461380531602,3.747176781133441,10.266394888160358
