PV (%),Wind (%),CSP (%),Biomass & biogas (%),Hydraulic & pumping (%),Cogeneration (%),Combined cycle (%),Importation (%)
23.345552163003337,24.9775286894218,21.362336631171342,6.158179580686849,4.902354157305198,12.233967335968524,1.1962360501536622,5.8238453922892885
