PV (%),Wind (%),CSP (%),Biomass & biogas (%),Hydraulic & pumping (%),Cogeneration (%),Combined cycle (%),Importation (%)
23.179460763744128,24.44788296692125,20.447831320495624,5.955928429610074,6.7862571245842425,12.084701371079598,1.3116999364670636,5.786238087098039
