PV (%),Wind (%),CSP (%),Biomass & biogas (%),Hydraulic & pumping (%),Cogeneration (%),Combined cycle (%),Importation (%)
11.491316509322736,24.73873521595341,15.399334994121475,10.042025011153784,3.8401315034464996,21.193044733549186,3.2431607851822886,10.052251247270616
