PV (%),Wind (%),CSP (%),Biomass & biogas (%),Hydraulic & pumping (%),Cogeneration (%),Combined cycle (%),Importation (%)
14.764031941469447,31.753047285283454,6.208549461680322,9.409426630724377,4.289984575592042,19.438256725279665,5.191296336213662,8.945407043757028
