PV (%),Wind (%),CSP (%),Biomass & biogas (%),Hydraulic & pumping (%),Cogeneration (%),Combined cycle (%),Importation (%)
21.455633682703674,25.49356512846555,18.78222852615228,6.902492742512848,4.682125068570565,13.644519309145661,2.001362704150114,7.038072838299309
