PV (%),Wind (%),CSP (%),Biomass & biogas (%),Hydraulic & pumping (%),Cogeneration (%),Combined cycle (%),Importation (%)
6.547734229038288,40.54316715286013,4.6032124545750195,9.574559427672773,6.004738919863853,21.301320278053772,3.5629076710681327,7.862359866868039
