PV (%),Wind (%),CSP (%),Biomass & biogas (%),Hydraulic & pumping (%),Cogeneration (%),Combined cycle (%),Importation (%)
24.603688788577998,28.409384275797347,17.695738808054493,5.024012674308713,8.813733938715483,11.815375969973308,0.24233169327838022,3.395733851294271
