PV (%),Wind (%),CSP (%),Biomass & biogas (%),Hydraulic & pumping (%),Cogeneration (%),Combined cycle (%),Importation (%)
7.483295401314402,38.63095716569988,3.4732188322058852,9.553850392012265,9.586528158446724,20.76249168656026,2.6661586213014075,7.843499742459176
