PV (%),Wind (%),CSP (%),Biomass & biogas (%),Hydraulic & pumping (%),Cogeneration (%),Combined cycle (%),Importation (%)
15.038386623561852,34.67778621322418,22.090971920813296,4.8405493908484996,9.503422585720509,11.459633759491204,0.10507850986749495,2.284170996472976
